Issue Type,Summary,Description,Epic Link,Priority,Story Points,Use Case ID
Story,User Registration with Email/Password,Implement basic user registration functionality with email verification,EPIC-001,Critical,8,UC-001
Story,OAuth 2.0 Integration,Implement social login functionality for major OAuth providers,EPIC-001,Critical,13,UC-002
Story,AI-Powered Content Analysis Pipeline,Implement modular AI analysis system for multimedia content,EPIC-003,Critical,21,UC-062
Story,Social Media Platform Integration,Integrate with 11 social media platforms for content extraction,EPIC-002,High,34,UC-025
Story,File Upload and Storage System,Implement comprehensive file management with cloud storage,EPIC-006,High,21,UC-168
Story,Contact Management System,Comprehensive contact management with relationships and groups,EPIC-004,High,34,UC-110
Story,Content Sharing and Collaboration,Enable content sharing with permissions and collaboration features,EPIC-005,Medium,21,UC-150
Story,Security and Compliance Framework,Implement comprehensive security monitoring and GDPR compliance,EPIC-010,Critical,21,UC-279
Story,Administration Interface,Comprehensive admin panel for user and system management,EPIC-007,Medium,34,UC-189
Story,Multimedia Testing Framework,Automated testing system for multimedia analysis workflows,EPIC-008,Medium,21,UC-231
